รหัสสินค้า,ชื่อสินค้า,ช่องทางที่ขาย,ตั้งชื่อไฟล์รูปเป็น
20063381,ขนมปังไก่หยองพริกเผาสาหร่าย,CJ Express,20063381.jpg
20060976,ขนมปังไก่หยองมายองเนสสาหร่าย,CJ Express,20060976.jpg
1114034,ขนมปังแซนวิชโลฟใหญ่สไลซ์1.2 ซม.,Black Canyon,1114034.jpg
1114035,ขนมปังแซนวิชโลฟใหญ่สไลซ์ 1.5 ซม.,Black Canyon,1114035.jpg
1124021,ขนมปังแถว,Online,1124021.jpg
1005985,ขนมปังเนยนิ่ม,Tops,1005985.jpg
1005982,ขนมปังเนยนิ่ม 3 ชิ้น,Aeon,1005982.jpg
1113086,ขนมปังเนยนิ่ม 3 ชิ้น,Big C,1113086.jpg
1004046,ขนมปังเนยนุ่ม,Amazon,1004046.jpg
1004051,ขนมปังสังขยา,Amazon / Online,1004051.jpg
1113093,ขนมปังสังขยา 4 ชิ้น,Aeon,1113093.jpg
1113089,ขนมปังสังขยา 6 ชิ้น,Big C,1113089.jpg
20039963,ขนมปังสังขยาใบเตยนมสด,CJ Express / The Mall,20039963.jpg
1004050,ขนมปังไส้กรอกมินิ,Amazon / Black Canyon,1004050.jpg
20059087,ขนมปังไส้กรอกแลบลิ้น,CJ Express,20059087.jpg
1004048,ขนมปังหิมะฮอกไกโด,Online,1004048.jpg
1113149,ขนมปุยฝ้ายไซส์ 1 ปอนด์,Big C,1113149.jpg
1113148,ขนมปุยฝ้ายไซส์เล็ก 4 ลูก,Big C,1113148.jpg
1004079,ขนมเปี๊ยะไส้ถั่วไข่เค็ม,Amazon,1004079.jpg
1114503,ครีมฮอร์นเนยสด ช็อกโกแลต,Online,1114503.jpg
1114502,ครีมฮอร์นเนยสด ใบเตย,Online,1114502.jpg
1114501,ครีมฮอร์นเนยสด วนิลา,Online,1114501.jpg
1004081,ครีมฮอร์น รสใบเตย,Amazon / Online,1004081.jpg
1004080,ครีมฮอร์น รสวนิลา,Amazon / Online,1004080.jpg
20036355,ครีมฮอร์นวนิลา,The Mall,20036355.jpg
1113088,ครีมฮอร์นวนิลา 3 ชิ้น,Big C / Aeon,1113088.jpg
3001200,ครีมฮอร์นวิปครีม ช็อกโกแลต,Online,3001200.jpg
1004071,คัพเค้กกล้วยหอมไส้ครีมเนยสด (4 ชิ้น),Amazon / Online,1004071.jpg
1006979,คัพเค้กไส้คัสตาร์ด,Amazon,1006979.jpg
1007015,เค้กกล้วยหอมคาราเมล,Amazon,1007015.jpg
11111125,เค้กช็อกโกแลตดูไบ,Black Canyon,11111125.jpg
1004063,เค้กช็อกโกแลตหน้านิ่ม,Aeon / The Mall / Amazon / Black Canyon / Online,1004063.jpg
1112015,เค้กเบาหวิว รสกล้วยหอมหน้ามะพร้าวเผา,Online,1112015.jpg
1112003,เค้กเบาหวิว รสกาแฟ,Online,1112003.jpg
1112004,เค้กเบาหวิว รสเนยนม,Online,1112004.jpg
1112005,เค้กเบาหวิว รสเนยนม,Online,1112005.jpg
1112013,เค้กเบาหวิว รสเผือกหน้ามะพร้าวเผา,Online,1112013.jpg
1112008,เค้กเบาหวิว รสมะพร้าวน้ำหอม,Online,1112008.jpg
1112009,เค้กเบาหวิว รสมะพร้าวน้ำหอม,Online,1112009.jpg
1112010,เค้กเบาหวิว หน้าฝอยทอง,Online,1112010.jpg
1112011,เค้กเบาหวิว หน้าฝอยทอง,Online,1112011.jpg
1113006,เค้กโบราณ ครีม (4 ชิ้น),Online,1113006.jpg
1004073,เค้กโบราณผลไม้,Amazon / Black Canyon / Online,1004073.jpg
1113007,เค้กโบราณ ผลไม้ (4 ชิ้น),Online,1113007.jpg
1113008,เค้กโบราณ รวมรส (4 ชิ้น),Aeon / Online,1113008.jpg
1004072,เค้กโบราณหน้าครีม,Aeon / Amazon / Online,1004072.jpg
20064791,เค้กเผือกลอดช่องครีมตะโก้,CJ Express,20064791.jpg
1114033,เค้กฝอยทองทูโทน,Black Canyon,1114033.jpg
1004064,เค้กฝอยทองหน้านิ่ม,Aeon,1004064.jpg
20052724,เค้กฝอยทองหน้านิ่ม,The Mall,20052724.jpg
1004070,เค้กมะพร้าวเนยสด (4 ชิ้น),Aeon / Amazon / Online,1004070.jpg
1004066,เค้กมะพร้าวสามเหลี่ยม,Amazon / Black Canyon,1004066.jpg
1004065,เค้กมะพร้าวหน้านิ่ม,Aeon / Amazon / Online,1004065.jpg
20054411,เค้กมะพร้าวหน้านิ่ม,The Mall,20054411.jpg
1007018,เค้กโรลมะพร้าวใบเตย,Amazon,1007018.jpg
1004062,เค้กลาวา ฝอยทองมะพร้าว,Amazon / Black Canyon / Online,1004062.jpg
20064190,เค้กสตรอว์เบอร์รี,CJ Express,20064190.jpg
1004074,เค้กหน้านิ่มเนยสด,Aeon,1004074.jpg
20062916,เครปบานาน่าช็อกโกแลต,CJ Express,20062916.jpg
1004078,เครปโรลฝอยทอง,Amazon / Online,1004078.jpg
1113090,เครปโรลฝอยทอง,Big C,1113090.jpg
20063380,เครปโรลฝอยทองใบเตย,CJ Express,20063380.jpg
20062915,เครปโรลไส้แยมผลไม้,CJ Express,20062915.jpg
1113237,เครปโรลโอรีโอ,Big C,1113237.jpg
11111126,ช็อกโกแลตดูไบ,Black Canyon,11111126.jpg
1111123,ชิฟฟ่อนเค้กไก่หยอง,Online,1111123.jpg
1111002,ชิฟฟ่อนเค้ก วรรณวนัช (รวมรส 8 ชิ้น),Online,1111002.jpg
20063720,ชิฟฟอนเค้กสอดไส้ครีมมะพร้าว,CJ Express,20063720.jpg
1004061,ชิฟฟ่อนเค้กสอดไส้มะพร้าว (2 ชิ้น),Aeon / Amazon / Black Canyon / Online,1004061.jpg
1111008,ชิฟฟ่อนเค้ก สอดไส้ (รวมรส 3 ชิ้น),Online,1111008.jpg
1111009,ชิฟฟ่อนเค้ก สอดไส้ (รวมรส 6 ชิ้น),Online,1111009.jpg
20040386,ชิฟฟ่อนเค้กไส้ครีมมะพร้าว,The Mall,20040386.jpg
1006983,ชิฟฟ่อนมะพร้าวลาวา,Amazon,1006983.jpg
1004055,ชิฟฟอนรวมรส,Amazon / Online,1004055.jpg
1113091,ชิฟฟ่อนรวมรส 4 ชิ้น,Big C,1113091.jpg
1111055,ชิฟฟ่อนรวมรส 8 ชิ้น,Makro,1111055.jpg
1111056,ชิฟฟอนรวมรสยอดฮิต 8 ชิ้น,Online,1111056.jpg
1007019,ชิฟฟ่อนสตอเบอรี่นมสด,Amazon,1007019.jpg
1005981,ชิฟฟอนสอดไส้มะพร้าว,Amazon,1005981.jpg
1111004,ชิฟฟ่อนสอดไส้วิปครีมมะพร้าว 4 ชิ้น,Online,1111004.jpg
1111006,ชิฟฟ่อนสอดไส้วิปครีมมะพร้าว 8 ชิ้น รวมรส,Online,1111006.jpg
1006982,ชูครีมไส้ครีมนมฮอกไกโด,Amazon / Black Canyon / Online,1006982.jpg
1005995,แซนด์วิชปูอัด ไร้ขอบ,Amazon / Black Canyon / Online,1005995.jpg
1005984,แซนด์วิชปูอัดสาหร่าย ไร้ขอบ,Amazon / Online,1005984.jpg
1005999,แซนด์วิชแฮมชีส,Amazon / Black Canyon / Online,1005999.jpg
1006000,แซนด์วิชโฮลวีททูน่า ไร้ขอบ,Amazon / Online,1006000.jpg
1005998,แซนด์วิชโฮลวีทแฮมชีส ไร้ขอบ,Amazon / Online,1005998.jpg
20063378,แซนวิชโบราณ,CJ Express,20063378.jpg
20051101,แซนวิชปูอัดไข่กุ้ง,Black Canyon,20051101.jpg
20060015,แซนวิชปูอัดไข่กุ้ง,CJ Express,20060015.jpg
20060974,แซนวิชปูอัดไข่กุ้งยำสาหร่าย,CJ Express,20060974.jpg
20060973,แซนวิชไส้กรอกชีส,CJ Express,20060973.jpg
11111121,แซนวิชแฮมชีส,Black Canyon,11111121.jpg
20063379,แซนวิชแฮมชีส,CJ Express,20063379.jpg
20052721,แซนวิซโบราณ,Online,20052721.jpg
1113225,ไดฟูกุช็อกโกแลตดูไบ,Big C,1113225.jpg
11111124,ไดฟูกุช็อกโกแลตดูไบ,Black Canyon,11111124.jpg
1200002,ท๊อฟฟี่ถั่ว (กล่อง),Online,1200002.jpg
20064271,บันขนมปังสังขยา,CJ Express,20064271.jpg
20064191,บันพิซซ่าโบโลน่า,CJ Express,20064191.jpg
1113194,บานอฟฟี่,Big C / Black Canyon,1113194.jpg
20064365,บานอฟฟี่,CJ Express,20064365.jpg
11111123,บานอฟฟี่มัทฉะ,Black Canyon,11111123.jpg
1113192,ปังนุ่มมะพร้าว,Big C / Black Canyon,1113192.jpg
20054646,ปังพิซซ่า,Online,20054646.jpg
1004047,ปังลาวาไข่เค็ม,Amazon / Online,1004047.jpg
1113173,เปี๊ยะ 450 กรัม ไส้งาดำฝอยทองไข่เค็ม,Online,1113173.jpg
1113170,เปี๊ยะ 450 กรัม ไส้ถั่วฝอยทองไข่เค็ม,Online,1113170.jpg
1113172,เปี๊ยะ 450 กรัม ไส้เผือกฝอยทองไข่เค็ม,Online,1113172.jpg
1113171,เปี๊ยะ 450 กรัม ไส้ฟักถั่วไข่เค็ม,Online,1113171.jpg
1100002,พายสัปปะรด (1 กล่อง),Online,1100002.jpg
1100001,พายสัปปะรด (1 ชิ้น),Online,1100001.jpg
1006980,แพนเค้กฝอยทองครีมสด,Amazon / Black Canyon,1006980.jpg
1007017,มัลเบอรี่ชีสพาย,Amazon / Black Canyon,1007017.jpg
20059548,มินิบันไก่หยองน้ำสลัด,CJ Express,20059548.jpg
1006988,มินิบันไก่หยองพริกเผาไส้ทะลัก,Online,1006988.jpg
20061982,มินิบันช็อกโกแลตเฮเซลนัท,CJ Express,20061982.jpg
20063468,มินิบันปูอัดมายองเนส,CJ Express,20063468.jpg
20060019,มินิบันฝอยทองน้ำสลัด,CJ Express,20060019.jpg
20064787,มินิบันลาบโบโลน่ามาโย,CJ Express,20064787.jpg
20063266,มินิบันแฮมชีส,CJ Express,20063266.jpg
1006984,มินิปังไส้กรอกชีส,Amazon / Black Canyon,1006984.jpg
1113106,มินิลาวาทูโทน,Aeon,1113106.jpg
1006987,มิมิบันไก่หยองน้ำสลัดไส้ทะลัก,Online,1006987.jpg
1113238,มูสเค้กโอวัลตินครั้นชี่,Big C,1113238.jpg
20057458,มูสชาไทยพุดดิ้ง 130g,Black Canyon,20057458.jpg
20059547,วรรณวนัช แซนวิชโบราณ,CJ Express,20059547.jpg
1112049,วุ้นกะทิใบเตยฝอยทอง,Tops,1112049.jpg
1112048,วุ้นกะทิใบเตยลอดช่อง,Tops,1112048.jpg
1113087,เอแคลร์ 6 ชิ้น,Big C / Aeon,1113087.jpg
1007020,เอแคลร์ชาไทย,Amazon / Online,1007020.jpg
20039044,เอแคลร์นมสด,CJ Express / The Mall,20039044.jpg
1004076,เอแคลร์ไส้นมสด,Amazon / Online,1004076.jpg
1113231,(BC) บานอฟฟี่มัทฉะ,Black Canyon,1113231.jpg
1111119,(BCY) แซนวิชแฮมชีส 95 กรัม,Black Canyon,1111119.jpg
1111120,(BCY) แพนเค้กฝอยทองครีมสด (สาขาสนามบิน),Black Canyon,1111120.jpg